INSERT INTO Lecturer (LecId, LecfName, LeclName, Department) VALUES 
(500000001, 'Lance', 'Mcdonald', 'Humanities'),
(500000002, 'Jesse', 'Ruiz', 'Linguistics'),
(500000003, 'Claire', 'Moon', 'Engineering'),
(500000004, 'Brian', 'Brady', 'Science and Technology'),
(500000005, 'George', 'Yoder', 'Geography'),
(500000006, 'Maureen', 'Fernandez', 'Medical'),
(500000007, 'Larry', 'Chan', 'Humanities'),
(500000008, 'Cheyenne', 'Acevedo', 'Linguistics'),
(500000009, 'Luis', 'Adams', 'Engineering'),
(500000010, 'Nicole', 'Daniels', 'Science and Technology');

INSERT INTO Student (StudentID, FirstName, LastName) VALUES 
(620130499, 'Justin', 'Mills'),
(620130500, 'Katherine', 'Dixon'),
(620130501, 'Pamela', 'Thornton'),
(620130502, 'Shane', 'Odom'),
(620130503, 'Brandon', 'Edwards'),
(620130504, 'Kayla', 'Cook'),
(620130505, 'Michael', 'Munoz'),
(620130506, 'Sara', 'George'),
(620130507, 'Nicholas', 'Young'),
(620130508, 'Ashley', 'Jackson'),
(620130509, 'Cathy', 'Ryan'),
(620130510, 'Jessica', 'Martinez'),
(620130511, 'James', 'Pacheco'),
(620130512, 'Jeff', 'Hebert'),
(620130513, 'Matthew', 'Pittman'),
(620130514, 'Brett', 'Gibbs'),
(620130515, 'Brittany', 'Schroeder'),
(620130516, 'Michael', 'Moore'),
(620130517, 'Matthew', 'Prince'),
(620130518, 'Brian', 'Long'),
(620130519, 'Adam', 'Daniels'),
(620130520, 'Susan', 'Hill'),
(620130521, 'Shannon', 'Graham'),
(620130522, 'Kevin', 'Lara'),
(620130523, 'Jennifer', 'Torres'),
(620130524, 'Karen', 'Figueroa'),
(620130525, 'Samantha', 'Alvarez'),
(620130526, 'Zachary', 'Bishop'),
(620130527, 'Emma', 'Evans'),
(620130528, 'Matthew', 'Edwards'),
(620130529, 'David', 'Noble'),
(620130530, 'Daniel', 'Perez'),
(620130531, 'Jacob', 'Williams'),
(620130532, 'Gregory', 'Warren'),
(620130533, 'Erika', 'Nguyen'),
(620130534, 'Jennifer', 'Carr'),
(620130535, 'Taylor', 'Humphrey'),
(620130536, 'Casey', 'Young'),
(620130537, 'Vanessa', 'Carpenter'),
(620130538, 'Louis', 'Williams'),
(620130539, 'Jodi', 'Ewing'),
(620130540, 'Shannon', 'Mercer'),
(620130541, 'Pamela', 'Dixon'),
(620130542, 'Julie', 'Young'),
(620130543, 'Beth', 'Lopez'),
(620130544, 'Sarah', 'Woods'),
(620130545, 'Jessica', 'Cox'),
(620130546, 'Brandon', 'Johnson'),
(620130547, 'Kristin', 'Lopez'),
(620130548, 'Kyle', 'Collins'),
(620130549, 'Sabrina', 'Lloyd'),
(620130550, 'Lisa', 'Galloway'),
(620130551, 'Debra', 'White'),
(620130552, 'Christine', 'Moss'),
(620130553, 'Maria', 'Briggs'),
(620130554, 'Joel', 'Hicks'),
(620130555, 'Shelby', 'Duran'),
(620130556, 'Mark', 'Watson'),
(620130557, 'Karen', 'Brown'),
(620130558, 'Sean', 'Reid'),
(620130559, 'Richard', 'Cunningham'),
(620130560, 'Brandi', 'Hernandez'),
(620130561, 'Robert', 'Reyes'),
(620130562, 'Megan', 'Williamson'),
(620130563, 'Michael', 'Avery'),
(620130564, 'Stacy', 'Miller'),
(620130565, 'Jessica', 'Kaufman'),
(620130566, 'Belinda', 'Watkins'),
(620130567, 'Renee', 'Meadows'),
(620130568, 'Emily', 'Ball'),
(620130569, 'Marc', 'Krause'),
(620130570, 'Carrie', 'Cortez'),
(620130571, 'Peter', 'Arias'),
(620130572, 'Christopher', 'Schaefer'),
(620130573, 'Mary', 'Parker'),
(620130574, 'Stephanie', 'Chapman'),
(620130575, 'William', 'Sharp'),
(620130576, 'Robyn', 'Ramirez'),
(620130577, 'Christopher', 'Velez'),
(620130578, 'Nicholas', 'Fischer'),
(620130579, 'Danielle', 'Stewart'),
(620130580, 'Robert', 'Decker'),
(620130581, 'Whitney', 'Hart'),
(620130582, 'Jason', 'Cook'),
(620130583, 'Kenneth', 'Stone'),
(620130584, 'Deborah', 'Martinez'),
(620130585, 'Brandon', 'Brady'),
(620130586, 'Nicholas', 'Thomas'),
(620130587, 'Amanda', 'Nunez'),
(620130588, 'Tina', 'Armstrong'),
(620130589, 'Jerry', 'Barnett'),
(620130590, 'Jessica', 'Stewart'),
(620130591, 'Jessica', 'Freeman'),
(620130592, 'Matthew', 'Duran'),
(620130593, 'Christian', 'Harrington'),
(620130594, 'Sarah', 'Holt'),
(620130595, 'Stephanie', 'Montgomery'),
(620130596, 'Shannon', 'Fleming'),
(620130597, 'Anthony', 'Stanley'),
(620130598, 'Jessica', 'Rasmussen'),
(620130599, 'Amy', 'Madden'),
(620130600, 'Kim', 'Dominguez'),
(620130601, 'Brenda', 'Giles'),
(620130602, 'Hannah', 'Pearson'),
(620130603, 'Paul', 'Yoder'),
(620130604, 'Jennifer', 'Chang'),
(620130605, 'Matthew', 'Parker'),
(620130606, 'Lisa', 'Thompson'),
(620130607, 'Nicholas', 'Lopez'),
(620130608, 'Steven', 'Allen'),
(620130609, 'Brian', 'Thomas'),
(620130610, 'Vanessa', 'Hayes'),
(620130611, 'Jake', 'Vasquez'),
(620130612, 'Jennifer', 'Scott'),
(620130613, 'Joshua', 'Mccullough'),
(620130614, 'Jessica', 'Reid'),
(620130615, 'Benjamin', 'Smith'),
(620130616, 'Monique', 'Sherman'),
(620130617, 'Christian', 'Gordon'),
(620130618, 'Joe', 'Vargas'),
(620130619, 'Steve', 'Taylor'),
(620130620, 'Charlene', 'Melton'),
(620130621, 'Emily', 'Cole'),
(620130622, 'Amy', 'Wade'),
(620130623, 'Michael', 'Walker'),
(620130624, 'Joseph', 'Adams'),
(620130625, 'Charles', 'Evans'),
(620130626, 'Ariel', 'Bailey'),
(620130627, 'Diana', 'Nelson'),
(620130628, 'Kyle', 'Villarreal'),
(620130629, 'Brittany', 'Harper'),
(620130630, 'Courtney', 'Ortega'),
(620130631, 'Monica', 'Hill'),
(620130632, 'Tracy', 'Hayes'),
(620130633, 'Kimberly', 'Evans'),
(620130634, 'Timothy', 'Turner'),
(620130635, 'Danny', 'Vaughan'),
(620130636, 'Toni', 'Alvarado'),
(620130637, 'Tabitha', 'Hayes'),
(620130638, 'Matthew', 'Cruz'),
(620130639, 'Nicholas', 'Johnston'),
(620130640, 'Shannon', 'Savage'),
(620130641, 'Jessica', 'Walker'),
(620130642, 'Kenneth', 'Powell'),
(620130643, 'Jennifer', 'Roberts'),
(620130644, 'Catherine', 'Harper'),
(620130645, 'Gabriel', 'Booth'),
(620130646, 'Charlotte', 'Davis'),
(620130647, 'Robert', 'Maynard'),
(620130648, 'Martin', 'Gonzalez'),
(620130649, 'Lori', 'Morse'),
(620130650, 'Lauren', 'Fry'),
(620130651, 'Curtis', 'Elliott'),
(620130652, 'Melissa', 'Miller'),
(620130653, 'Gregory', 'Bailey'),
(620130654, 'Gerald', 'Trevino'),
(620130655, 'Larry', 'Allison'),
(620130656, 'Robert', 'Baker'),
(620130657, 'Felicia', 'Gross'),
(620130658, 'Sabrina', 'Byrd'),
(620130659, 'Shannon', 'Calhoun'),
(620130660, 'Molly', 'Jones'),
(620130661, 'Emily', 'Douglas'),
(620130662, 'William', 'Rowland'),
(620130663, 'Tina', 'Marshall'),
(620130664, 'Anna', 'Weber'),
(620130665, 'Mark', 'Garcia'),
(620130666, 'Rebecca', 'Carlson'),
(620130667, 'Garrett', 'Braun'),
(620130668, 'Kathryn', 'Deleon'),
(620130669, 'Daniel', 'Wade'),
(620130670, 'Jacob', 'Fox'),
(620130671, 'Jose', 'Wilson'),
(620130672, 'Kyle', 'Owens'),
(620130673, 'Gary', 'Oconnell'),
(620130674, 'Benjamin', 'Mccoy'),
(620130675, 'Monique', 'White'),
(620130676, 'John', 'Irwin'),
(620130677, 'Rebecca', 'Cummings'),
(620130678, 'Amber', 'Thompson'),
(620130679, 'Meghan', 'Garner'),
(620130680, 'Victoria', 'Hansen'),
(620130681, 'Dawn', 'Mathis'),
(620130682, 'Gabriella', 'Gates'),
(620130683, 'Emily', 'Howard'),
(620130684, 'Anna', 'Pena'),
(620130685, 'Melanie', 'Diaz'),
(620130686, 'James', 'Hensley'),
(620130687, 'Kimberly', 'Harrison'),
(620130688, 'Robin', 'Gamble'),
(620130689, 'Melinda', 'Ramos'),
(620130690, 'Nicole', 'James'),
(620130691, 'Justin', 'Moreno'),
(620130692, 'Carl', 'Turner'),
(620130693, 'Jeffrey', 'Trujillo'),
(620130694, 'Tina', 'Bartlett'),
(620130695, 'Lori', 'Howard'),
(620130696, 'Crystal', 'Evans'),
(620130697, 'Megan', 'Hernandez'),
(620130698, 'Paula', 'Becker'),
(620130699, 'Ricky', 'Hill'),
(620130700, 'Sandra', 'Summers'),
(620130701, 'Nathan', 'Raymond'),
(620130702, 'Robin', 'Ford'),
(620130703, 'Cody', 'Skinner'),
(620130704, 'Joseph', 'Cobb'),
(620130705, 'Jordan', 'Ford'),
(620130706, 'Bruce', 'Bennett'),
(620130707, 'Laura', 'Shah'),
(620130708, 'Dennis', 'Perez'),
(620130709, 'Colleen', 'Brooks'),
(620130710, 'Edwin', 'Villanueva'),
(620130711, 'Dustin', 'Sloan'),
(620130712, 'David', 'Henderson'),
(620130713, 'Stephanie', 'Wilson'),
(620130714, 'Christine', 'Cardenas'),
(620130715, 'Sheila', 'Robinson'),
(620130716, 'Kevin', 'Coleman'),
(620130717, 'Travis', 'Douglas'),
(620130718, 'Martha', 'Lee'),
(620130719, 'Scott', 'Lozano'),
(620130720, 'Kelly', 'Thomas'),
(620130721, 'Paul', 'Vincent'),
(620130722, 'Adam', 'Thomas'),
(620130723, 'Stacy', 'Brown'),
(620130724, 'Steven', 'Berry'),
(620130725, 'Michael', 'Bryant'),
(620130726, 'Kimberly', 'Buchanan'),
(620130727, 'Darlene', 'Shelton'),
(620130728, 'Jennifer', 'Harris'),
(620130729, 'Tony', 'Todd'),
(620130730, 'Courtney', 'Evans'),
(620130731, 'Jason', 'Phillips'),
(620130732, 'Christine', 'Rios'),
(620130733, 'Jessica', 'Simmons'),
(620130734, 'Paula', 'Newman'),
(620130735, 'Tiffany', 'Brown'),
(620130736, 'Ricardo', 'Moran'),
(620130737, 'Carmen', 'Cross'),
(620130738, 'Kristin', 'Turner'),
(620130739, 'Charles', 'Rivera'),
(620130740, 'Sylvia', 'Martin'),
(620130741, 'Jill', 'Morrow'),
(620130742, 'Rachel', 'Moreno'),
(620130743, 'Julie', 'Young'),
(620130744, 'Trevor', 'Anderson'),
(620130745, 'Jennifer', 'Hodges'),
(620130746, 'Katherine', 'Adams'),
(620130747, 'David', 'Browning'),
(620130748, 'Monica', 'Oneill'),
(620130749, 'Danielle', 'Short'),
(620130750, 'Randy', 'Chavez'),
(620130751, 'Daniel', 'Stevens'),
(620130752, 'Courtney', 'Barrera'),
(620130753, 'Miranda', 'Atkinson'),
(620130754, 'Douglas', 'Scott'),
(620130755, 'Jennifer', 'Roberts'),
(620130756, 'Justin', 'Rosario'),
(620130757, 'Beverly', 'Thornton'),
(620130758, 'Tammy', 'Christensen'),
(620130759, 'Melody', 'Lowery'),
(620130760, 'Nicholas', 'Sims'),
(620130761, 'Crystal', 'Wilson'),
(620130762, 'Nicholas', 'Fowler'),
(620130763, 'Timothy', 'Rodriguez'),
(620130764, 'Erik', 'Kennedy'),
(620130765, 'Carmen', 'Ramos'),
(620130766, 'Dawn', 'Hayes'),
(620130767, 'Kenneth', 'Long'),
(620130768, 'Tara', 'Nelson'),
(620130769, 'Jessica', 'Harris'),
(620130770, 'Raymond', 'Pope'),
(620130771, 'Jessica', 'Miller'),
(620130772, 'Jonathan', 'Morris'),
(620130773, 'Jennifer', 'Carson'),
(620130774, 'Dale', 'Brown'),
(620130775, 'Misty', 'Christensen'),
(620130776, 'Raymond', 'Kelley'),
(620130777, 'William', 'Edwards'),
(620130778, 'Laurie', 'Fernandez'),
(620130779, 'Jack', 'Peters'),
(620130780, 'Jim', 'Valencia'),
(620130781, 'Eric', 'Ingram'),
(620130782, 'Jeffrey', 'Vincent'),
(620130783, 'Joann', 'Frazier'),
(620130784, 'Melissa', 'Garcia'),
(620130785, 'Sean', 'Stanton'),
(620130786, 'Joshua', 'Adams'),
(620130787, 'Kathleen', 'Johnson'),
(620130788, 'Donna', 'Alvarado'),
(620130789, 'Ian', 'Rodriguez'),
(620130790, 'Krystal', 'Lyons'),
(620130791, 'Taylor', 'Rodgers'),
(620130792, 'Kathleen', 'Luna'),
(620130793, 'Bonnie', 'Gillespie'),
(620130794, 'Adam', 'Higgins'),
(620130795, 'Kelly', 'Martinez'),
(620130796, 'Todd', 'Smith'),
(620130797, 'Karen', 'Ashley'),
(620130798, 'Julia', 'Bryant');

INSERT INTO Course (CourseID, CourseCode, CourseName) VALUES 
(1, 'OOHI2488', 'Course 1'),
(2, 'ZASA2132', 'Course 2'),
(3, 'CKVL2769', 'Course 3'),
(4, 'OMFQ3409', 'Course 4'),
(5, 'XPOI2803', 'Course 5'),
(6, 'EBCD2201', 'Course 6'),
(7, 'PGEZ3285', 'Course 7'),
(8, 'WVQI3852', 'Course 8'),
(9, 'XBFQ2316', 'Course 9'),
(10, 'MDRX3126', 'Course 10'),
(11, 'HAMS2581', 'Course 11'),
(12, 'PAZN2964', 'Course 12'),
(13, 'LFRY2259', 'Course 13'),
(14, 'IHQA3908', 'Course 14'),
(15, 'FHBM2131', 'Course 15'),
(16, 'FTSM2646', 'Course 16'),
(17, 'CXKQ3319', 'Course 17'),
(18, 'SDXJ2979', 'Course 18'),
(19, 'KEDG3148', 'Course 19'),
(20, 'NMIT2143', 'Course 20'),
(21, 'RIDD3373', 'Course 21'),
(22, 'FNFX2637', 'Course 22'),
(23, 'NIPH3454', 'Course 23'),
(24, 'IUZU2835', 'Course 24'),
(25, 'ZBYW3499', 'Course 25'),
(26, 'JVGV2218', 'Course 26'),
(27, 'UJOV3469', 'Course 27'),
(28, 'TTEF2074', 'Course 28'),
(29, 'AIIR3718', 'Course 29'),
(30, 'RMMC3776', 'Course 30'),
(31, 'RUMO3964', 'Course 31'),
(32, 'DXKD3262', 'Course 32'),
(33, 'SOLA3940', 'Course 33'),
(34, 'JMMK2630', 'Course 34'),
(35, 'ELZU2799', 'Course 35'),
(36, 'JKOB2586', 'Course 36'),
(37, 'AQOZ3033', 'Course 37'),
(38, 'LXIG2358', 'Course 38'),
(39, 'SPLL3659', 'Course 39'),
(40, 'LAYV2514', 'Course 40'),
(41, 'DRLR2964', 'Course 41'),
(42, 'KJZL2577', 'Course 42'),
(43, 'DIYN3903', 'Course 43'),
(44, 'SDLK2977', 'Course 44'),
(45, 'LBYS2429', 'Course 45'),
(46, 'OPJK3265', 'Course 46'),
(47, 'GQGQ2374', 'Course 47'),
(48, 'COCI3237', 'Course 48'),
(49, 'HYCR3840', 'Course 49'),
(50, 'JWCI2447', 'Course 50');

INSERT INTO TEACHES (LecID, CourseID) VALUES 
( 500000001, 50 ),
( 500000002, 40 ),
( 500000003, 27 ),
( 500000004, 11 ),
( 500000005, 10 ),
( 500000006, 36 ),
( 500000007, 17 ),
( 500000008, 41 ),
( 500000009, 39 ),
( 500000010, 21 ),
( 500000002, 32 ),
( 500000003, 4 ),
( 500000004, 8 ),
( 500000005, 1 ),
( 500000006, 9 ),
( 500000007, 26 ),
( 500000008, 37 ),
( 500000009, 47 ),
( 500000010, 12 ),
( 500000003, 22 ),
( 500000004, 43 ),
( 500000005, 28 ),
( 500000006, 45 ),
( 500000007, 48 ),
( 500000008, 35 ),
( 500000009, 18 ),
( 500000010, 46 ),
( 500000004, 34 ),
( 500000005, 31 ),
( 500000006, 6 ),
( 500000007, 15 ),
( 500000008, 16 ),
( 500000009, 29 ),
( 500000010, 42 ),
( 500000005, 14 ),
( 500000006, 20 ),
( 500000007, 44 ),
( 500000008, 7 ),
( 500000009, 33 ),
( 500000010, 30 ),
( 500000006, 5 ),
( 500000007, 13 ),
( 500000008, 23 ),
( 500000009, 2 ),
( 500000010, 49 ),
( 500000007, 25 ),
( 500000008, 3 ),
( 500000009, 24 ),
( 500000010, 19 ),
( 500000008, 38 );

INSERT INTO Enroll (StudentID, CourseID,Grade) VALUES
(620130499, 12,5),
(620130499, 19,27),
(620130499, 20,34),
(620130499, 45,59),
(620130499, 13,79),
(620130500, 13,6),
(620130500, 32,9),
(620130500, 7,81),
(620130500, 37,89),
(620130501, 25,69),
(620130501, 39,37),
(620130501, 31,1),
(620130501, 12,40),
(620130501, 19,39),
(620130501, 21,61),
(620130502, 45,57),
(620130502, 40,6),
(620130502, 33,14),
(620130503, 22,86),
(620130503, 25,1),
(620130503, 42,58),
(620130503, 43,99),
(620130504, 40,95),
(620130504, 41,46),
(620130505, 15,10),
(620130505, 21,50),
(620130505, 46,18),
(620130505, 50,45),
(620130505, 27,92),
(620130506, 11,91),
(620130506, 38,97),
(620130506, 23,93),
(620130507, 43,67),
(620130507, 12,14),
(620130507, 17,34),
(620130507, 44,68),
(620130507, 20,39),
(620130508, 9,7),
(620130508, 2,20),
(620130508, 6,24),
(620130508, 34,50),
(620130508, 15,0),
(620130509, 35,21),
(620130509, 27,30),
(620130509, 21,57),
(620130510, 3,44),
(620130510, 33,55),
(620130510, 31,8),
(620130510, 11,28),
(620130510, 13,18),
(620130510, 26,53),
(620130511, 16,73),
(620130511, 2,46),
(620130511, 25,57),
(620130511, 8,87),
(620130511, 29,49),
(620130512, 40,63),
(620130512, 14,4),
(620130512, 49,71),
(620130512, 6,16),
(620130513, 31,55),
(620130513, 40,10),
(620130513, 43,95),
(620130514, 24,67),
(620130514, 43,15),
(620130514, 5,65),
(620130515, 48,89),
(620130515, 2,43),
(620130515, 23,4),
(620130515, 10,2),
(620130515, 49,35),
(620130515, 45,15),
(620130516, 40,63),
(620130516, 21,51),
(620130516, 12,70),
(620130517, 50,12),
(620130517, 29,52),
(620130517, 35,68),
(620130517, 11,49),
(620130517, 39,75),
(620130517, 37,98),
(620130518, 29,74),
(620130518, 16,28),
(620130518, 26,16),
(620130518, 3,9),
(620130518, 41,85),
(620130518, 40,99),
(620130519, 10,91),
(620130519, 38,44),
(620130519, 23,71),
(620130520, 24,41),
(620130520, 43,35),
(620130520, 22,26),
(620130520, 32,62),
(620130520, 47,75),
(620130521, 16,76),
(620130521, 37,43),
(620130521, 9,17),
(620130522, 24,55),
(620130522, 40,4),
(620130522, 43,91),
(620130522, 48,62),
(620130522, 36,42),
(620130523, 13,6),
(620130523, 5,63),
(620130523, 44,42),
(620130523, 46,51),
(620130523, 43,37),
(620130524, 47,78),
(620130524, 50,82),
(620130524, 24,45),
(620130525, 46,24),
(620130525, 42,87),
(620130525, 26,68),
(620130525, 14,9),
(620130525, 25,55),
(620130526, 50,75),
(620130526, 48,74),
(620130526, 47,68),
(620130526, 42,38),
(620130526, 18,57),
(620130527, 37,35),
(620130527, 2,84),
(620130527, 44,49),
(620130528, 34,22),
(620130528, 8,12),
(620130528, 44,5),
(620130528, 42,88),
(620130528, 19,39),
(620130529, 46,40),
(620130529, 24,14),
(620130529, 17,18),
(620130529, 14,77),
(620130529, 33,74),
(620130529, 45,0),
(620130530, 28,48),
(620130530, 17,7),
(620130530, 2,71),
(620130530, 39,9),
(620130530, 18,90),
(620130531, 31,57),
(620130531, 49,53),
(620130531, 39,48),
(620130531, 15,52),
(620130532, 30,86),
(620130532, 41,8),
(620130532, 35,79),
(620130533, 36,45),
(620130533, 39,97),
(620130533, 20,10),
(620130533, 6,17),
(620130533, 40,29),
(620130534, 30,43),
(620130534, 3,96),
(620130534, 28,93),
(620130534, 47,7),
(620130535, 17,59),
(620130535, 28,50),
(620130535, 35,87),
(620130535, 31,16),
(620130535, 33,55),
(620130536, 5,50),
(620130536, 12,78),
(620130536, 48,9),
(620130536, 28,87),
(620130536, 7,3),
(620130537, 30,26),
(620130537, 35,73),
(620130537, 23,32),
(620130537, 40,79),
(620130538, 32,50),
(620130538, 33,54),
(620130538, 30,25),
(620130538, 41,92),
(620130539, 42,53),
(620130539, 25,64),
(620130539, 3,64),
(620130539, 46,79),
(620130539, 47,55),
(620130539, 23,39),
(620130540, 35,61),
(620130540, 22,13),
(620130540, 45,20),
(620130540, 26,76),
(620130540, 4,35),
(620130540, 11,14),
(620130541, 8,46),
(620130541, 21,48),
(620130541, 34,21),
(620130541, 7,33),
(620130541, 39,39),
(620130542, 37,9),
(620130542, 5,79),
(620130542, 48,90),
(620130543, 9,2),
(620130543, 43,47),
(620130543, 5,38),
(620130543, 38,51),
(620130543, 36,68),
(620130543, 4,75),
(620130544, 31,53),
(620130544, 12,3),
(620130544, 7,0),
(620130544, 40,92),
(620130544, 3,54),
(620130545, 37,19),
(620130545, 17,24),
(620130545, 1,95),
(620130545, 48,3),
(620130545, 21,57),
(620130545, 16,32),
(620130546, 34,80),
(620130546, 33,0),
(620130546, 22,98),
(620130547, 14,25),
(620130547, 23,19),
(620130547, 45,5),
(620130548, 14,17),
(620130548, 4,94),
(620130548, 12,33),
(620130548, 39,72),
(620130548, 37,74),
(620130549, 16,16),
(620130549, 29,89),
(620130549, 18,13),
(620130549, 4,31),
(620130549, 9,43),
(620130549, 48,90),
(620130550, 49,18),
(620130550, 37,70),
(620130550, 16,75),
(620130550, 8,11),
(620130551, 20,53),
(620130551, 41,19),
(620130551, 7,86),
(620130551, 36,95),
(620130551, 46,10),
(620130551, 24,83),
(620130552, 7,58),
(620130552, 31,10),
(620130552, 5,3),
(620130553, 22,70),
(620130553, 13,31),
(620130553, 20,64),
(620130554, 31,77),
(620130554, 9,9),
(620130554, 17,87),
(620130554, 22,98),
(620130554, 13,46),
(620130554, 6,1),
(620130555, 18,36),
(620130555, 33,42),
(620130555, 10,80),
(620130556, 37,69),
(620130556, 26,27),
(620130556, 42,23),
(620130556, 25,14),
(620130557, 42,17),
(620130557, 11,24),
(620130557, 19,68),
(620130557, 7,77),
(620130558, 1,79),
(620130558, 50,20),
(620130558, 9,41),
(620130559, 42,20),
(620130559, 40,83),
(620130559, 24,68),
(620130559, 5,89),
(620130559, 20,56),
(620130560, 21,82),
(620130560, 33,10),
(620130560, 32,72),
(620130560, 16,14),
(620130560, 25,11),
(620130561, 45,78),
(620130561, 34,31),
(620130561, 33,86),
(620130561, 50,90),
(620130561, 30,77),
(620130562, 45,92),
(620130562, 47,67),
(620130562, 7,84),
(620130562, 39,84),
(620130562, 49,65),
(620130562, 34,80),
(620130563, 42,64),
(620130563, 18,55),
(620130563, 13,98),
(620130563, 16,53),
(620130563, 35,9),
(620130563, 9,14),
(620130564, 11,76),
(620130564, 17,96),
(620130564, 25,21),
(620130564, 43,56),
(620130564, 10,15),
(620130564, 37,73),
(620130565, 8,0),
(620130565, 50,16),
(620130565, 45,91),
(620130566, 17,43),
(620130566, 12,94),
(620130566, 49,20),
(620130566, 20,70),
(620130567, 34,52),
(620130567, 11,11),
(620130567, 30,36),
(620130567, 9,28),
(620130568, 46,35),
(620130568, 34,38),
(620130568, 21,2),
(620130568, 28,92),
(620130568, 7,89),
(620130569, 46,20),
(620130569, 23,35),
(620130569, 38,18),
(620130569, 6,83),
(620130569, 32,57),
(620130570, 2,79),
(620130570, 45,76),
(620130570, 16,68),
(620130570, 43,86),
(620130570, 1,42),
(620130570, 21,65),
(620130571, 12,51),
(620130571, 23,98),
(620130571, 35,72),
(620130571, 38,95),
(620130572, 39,49),
(620130572, 19,59),
(620130572, 17,30),
(620130573, 43,1),
(620130573, 12,75),
(620130573, 20,37),
(620130573, 6,17),
(620130573, 27,13),
(620130574, 18,57),
(620130574, 45,41),
(620130574, 37,3),
(620130574, 32,32),
(620130575, 36,10),
(620130575, 22,99),
(620130575, 26,58),
(620130575, 7,69),
(620130576, 1,29),
(620130576, 21,8),
(620130576, 43,48),
(620130576, 50,83),
(620130576, 4,85),
(620130577, 42,63),
(620130577, 34,83),
(620130577, 22,28),
(620130577, 31,23),
(620130578, 31,89),
(620130578, 46,61),
(620130578, 48,49),
(620130578, 37,2),
(620130578, 14,89),
(620130578, 28,44),
(620130579, 30,81),
(620130579, 1,93),
(620130579, 18,51),
(620130580, 5,47),
(620130580, 19,13),
(620130580, 20,43),
(620130581, 36,92),
(620130581, 42,63),
(620130581, 50,53),
(620130582, 8,82),
(620130582, 48,93),
(620130582, 3,70),
(620130582, 45,57),
(620130582, 23,65),
(620130583, 37,51),
(620130583, 23,29),
(620130583, 34,21),
(620130583, 41,96),
(620130583, 7,83),
(620130584, 15,98),
(620130584, 48,28),
(620130584, 5,28),
(620130584, 50,89),
(620130585, 8,25),
(620130585, 28,31),
(620130585, 10,95),
(620130585, 7,59),
(620130585, 31,58),
(620130585, 1,77),
(620130586, 32,24),
(620130586, 27,2),
(620130586, 22,1),
(620130586, 3,82),
(620130586, 26,7),
(620130587, 32,62),
(620130587, 3,97),
(620130587, 22,87),
(620130587, 26,9),
(620130588, 41,29),
(620130588, 42,41),
(620130588, 17,56),
(620130589, 35,9),
(620130589, 29,43),
(620130589, 50,61),
(620130589, 13,83),
(620130589, 49,34),
(620130590, 47,91),
(620130590, 8,19),
(620130590, 17,61),
(620130590, 18,58),
(620130590, 39,17),
(620130591, 34,77),
(620130591, 43,77),
(620130591, 21,47),
(620130592, 15,78),
(620130592, 39,51),
(620130592, 22,35),
(620130592, 25,46),
(620130592, 32,13),
(620130593, 23,51),
(620130593, 40,99),
(620130593, 47,33),
(620130594, 23,67),
(620130594, 37,96),
(620130594, 16,95),
(620130594, 6,35),
(620130594, 29,76),
(620130595, 21,82),
(620130595, 13,49),
(620130595, 18,14),
(620130595, 37,96),
(620130596, 35,49),
(620130596, 43,67),
(620130596, 3,39),
(620130596, 37,41),
(620130596, 9,72),
(620130597, 6,23),
(620130597, 16,22),
(620130597, 37,81),
(620130598, 1,7),
(620130598, 50,58),
(620130598, 30,15),
(620130599, 5,65),
(620130599, 27,28),
(620130599, 21,21),
(620130600, 41,39),
(620130600, 43,63),
(620130600, 28,41),
(620130600, 39,78),
(620130600, 50,84),
(620130601, 47,22),
(620130601, 6,88),
(620130601, 15,5),
(620130602, 24,17),
(620130602, 31,11),
(620130602, 44,83),
(620130602, 39,74),
(620130602, 6,7),
(620130603, 47,47),
(620130603, 28,9),
(620130603, 18,98),
(620130603, 16,86),
(620130604, 1,4),
(620130604, 20,7),
(620130604, 29,98),
(620130604, 24,37),
(620130605, 26,65),
(620130605, 38,58),
(620130605, 33,47),
(620130606, 24,3),
(620130606, 21,17),
(620130606, 20,98),
(620130607, 27,54),
(620130607, 31,69),
(620130607, 5,28),
(620130607, 12,42),
(620130607, 38,79),
(620130608, 42,18),
(620130608, 32,90),
(620130608, 25,99),
(620130609, 36,30),
(620130609, 11,8),
(620130609, 49,54),
(620130610, 9,32),
(620130610, 30,44),
(620130610, 4,87),
(620130610, 21,47),
(620130610, 48,79),
(620130611, 37,1),
(620130611, 28,60),
(620130611, 7,65),
(620130612, 48,37),
(620130612, 38,8),
(620130612, 25,56),
(620130612, 17,91),
(620130612, 50,93),
(620130613, 31,12),
(620130613, 15,15),
(620130613, 44,84),
(620130613, 18,34),
(620130613, 43,89),
(620130613, 19,15),
(620130614, 42,54),
(620130614, 19,7),
(620130614, 33,25),
(620130614, 31,82),
(620130614, 15,8),
(620130614, 37,17),
(620130615, 15,9),
(620130615, 37,15),
(620130615, 10,13),
(620130615, 9,64),
(620130615, 6,71),
(620130615, 1,37),
(620130616, 18,7),
(620130616, 6,24),
(620130616, 20,30),
(620130616, 32,6),
(620130617, 18,5),
(620130617, 44,72),
(620130617, 34,45),
(620130617, 29,40),
(620130618, 33,22),
(620130618, 34,31),
(620130618, 24,48),
(620130618, 36,90),
(620130618, 13,14),
(620130619, 25,15),
(620130619, 34,6),
(620130619, 28,81),
(620130619, 22,35),
(620130619, 42,25),
(620130619, 2,90),
(620130620, 14,86),
(620130620, 24,4),
(620130620, 50,7),
(620130620, 11,51),
(620130620, 7,91),
(620130620, 19,83),
(620130621, 1,13),
(620130621, 29,6),
(620130621, 42,53),
(620130621, 10,53),
(620130622, 46,38),
(620130622, 16,97),
(620130622, 3,23),
(620130622, 33,45),
(620130622, 8,73),
(620130622, 40,27),
(620130623, 27,71),
(620130623, 17,70),
(620130623, 14,26),
(620130623, 10,8),
(620130623, 33,76),
(620130623, 43,0),
(620130624, 1,70),
(620130624, 35,18),
(620130624, 19,26),
(620130625, 15,98),
(620130625, 32,81),
(620130625, 46,84),
(620130625, 23,91),
(620130626, 25,19),
(620130626, 45,83),
(620130626, 3,46),
(620130626, 9,68),
(620130626, 27,3),
(620130626, 16,43),
(620130627, 38,63),
(620130627, 35,2),
(620130627, 27,29),
(620130627, 39,14),
(620130627, 21,72),
(620130628, 12,81),
(620130628, 14,15),
(620130628, 3,92),
(620130628, 33,8),
(620130628, 37,22),
(620130628, 43,2),
(620130629, 41,9),
(620130629, 1,92),
(620130629, 11,73),
(620130629, 6,15),
(620130630, 48,31),
(620130630, 19,88),
(620130630, 27,11),
(620130631, 8,25),
(620130631, 35,55),
(620130631, 15,20),
(620130632, 8,38),
(620130632, 25,19),
(620130632, 31,3),
(620130632, 16,0),
(620130632, 38,80),
(620130633, 50,21),
(620130633, 49,61),
(620130633, 37,11),
(620130634, 34,74),
(620130634, 23,18),
(620130634, 44,68),
(620130635, 3,74),
(620130635, 12,85),
(620130635, 14,27),
(620130635, 25,57),
(620130635, 17,73),
(620130635, 37,43),
(620130636, 1,23),
(620130636, 32,33),
(620130636, 33,16),
(620130637, 49,7),
(620130637, 36,44),
(620130637, 48,66),
(620130637, 1,50),
(620130638, 48,64),
(620130638, 14,47),
(620130638, 34,7),
(620130638, 27,42),
(620130638, 16,17),
(620130639, 41,87),
(620130639, 28,8),
(620130639, 10,12),
(620130640, 9,19),
(620130640, 34,28),
(620130640, 12,97),
(620130640, 39,92),
(620130640, 2,73),
(620130641, 46,44),
(620130641, 16,22),
(620130641, 40,30),
(620130641, 11,83),
(620130641, 9,2),
(620130641, 31,63),
(620130642, 32,93),
(620130642, 14,75),
(620130642, 42,20),
(620130642, 43,29),
(620130642, 28,94),
(620130642, 23,28),
(620130643, 48,92),
(620130643, 25,88),
(620130643, 39,69),
(620130643, 20,34),
(620130644, 44,83),
(620130644, 12,80),
(620130644, 25,0),
(620130644, 22,86),
(620130645, 11,88),
(620130645, 17,83),
(620130645, 39,68),
(620130645, 31,25),
(620130645, 42,49),
(620130646, 20,68),
(620130646, 1,34),
(620130646, 23,51),
(620130647, 46,54),
(620130647, 45,47),
(620130647, 41,0),
(620130648, 40,48),
(620130648, 37,73),
(620130648, 26,52),
(620130648, 10,54),
(620130649, 13,96),
(620130649, 35,59),
(620130649, 17,4),
(620130650, 9,62),
(620130650, 19,63),
(620130650, 30,83),
(620130650, 25,56),
(620130650, 44,43),
(620130650, 2,77),
(620130651, 26,39),
(620130651, 41,3),
(620130651, 12,38),
(620130651, 48,82),
(620130651, 36,56),
(620130652, 6,43),
(620130652, 33,73),
(620130652, 27,0),
(620130652, 46,64),
(620130652, 36,5),
(620130652, 42,45),
(620130653, 15,87),
(620130653, 47,38),
(620130653, 34,37),
(620130653, 17,11),
(620130653, 36,23),
(620130653, 41,1),
(620130654, 12,99),
(620130654, 42,48),
(620130654, 4,61),
(620130654, 24,59),
(620130655, 44,75),
(620130655, 13,31),
(620130655, 12,11),
(620130655, 6,51),
(620130655, 43,14),
(620130655, 49,41),
(620130656, 28,36),
(620130656, 9,90),
(620130656, 49,0),
(620130657, 17,57),
(620130657, 2,55),
(620130657, 15,92),
(620130658, 29,7),
(620130658, 45,74),
(620130658, 10,11),
(620130659, 12,42),
(620130659, 9,33),
(620130659, 2,97),
(620130659, 27,3),
(620130660, 48,99),
(620130660, 42,83),
(620130660, 31,86),
(620130660, 1,91),
(620130661, 23,83),
(620130661, 8,17),
(620130661, 21,56),
(620130662, 14,4),
(620130662, 26,63),
(620130662, 50,81),
(620130663, 46,94),
(620130663, 50,52),
(620130663, 31,92),
(620130663, 14,65),
(620130664, 17,70),
(620130664, 39,91),
(620130664, 38,12),
(620130665, 1,54),
(620130665, 14,19),
(620130665, 5,42),
(620130665, 22,66),
(620130665, 17,60),
(620130665, 50,38),
(620130666, 10,58),
(620130666, 9,97),
(620130666, 43,80),
(620130666, 38,92),
(620130666, 44,79),
(620130666, 26,62),
(620130667, 9,72),
(620130667, 5,91),
(620130667, 8,20),
(620130667, 3,75),
(620130668, 38,19),
(620130668, 29,31),
(620130668, 37,41),
(620130669, 6,58),
(620130669, 2,87),
(620130669, 19,48),
(620130669, 11,85),
(620130669, 12,68),
(620130670, 12,78),
(620130670, 8,34),
(620130670, 4,58),
(620130670, 2,17),
(620130670, 43,85),
(620130670, 34,89),
(620130671, 36,19),
(620130671, 34,76),
(620130671, 38,91),
(620130672, 15,13),
(620130672, 18,32),
(620130672, 3,81),
(620130673, 44,81),
(620130673, 36,24),
(620130673, 43,62),
(620130673, 2,54),
(620130673, 14,75),
(620130674, 10,30),
(620130674, 20,56),
(620130674, 46,18),
(620130675, 14,95),
(620130675, 30,76),
(620130675, 6,44),
(620130675, 24,77),
(620130676, 21,13),
(620130676, 35,35),
(620130676, 42,25),
(620130677, 29,69),
(620130677, 12,90),
(620130677, 21,82),
(620130677, 40,84),
(620130678, 49,82),
(620130678, 34,60),
(620130678, 19,32),
(620130679, 34,35),
(620130679, 43,53),
(620130679, 46,98),
(620130679, 28,78),
(620130680, 24,38),
(620130680, 34,94),
(620130680, 26,86),
(620130680, 12,62),
(620130681, 36,22),
(620130681, 34,95),
(620130681, 31,64),
(620130681, 41,93),
(620130682, 25,4),
(620130682, 24,42),
(620130682, 14,35),
(620130682, 45,23),
(620130683, 28,95),
(620130683, 40,46),
(620130683, 23,8),
(620130683, 27,50),
(620130684, 13,45),
(620130684, 34,38),
(620130684, 31,32),
(620130684, 22,28),
(620130684, 46,56),
(620130684, 6,11),
(620130685, 30,92),
(620130685, 28,99),
(620130685, 33,86),
(620130685, 3,7),
(620130685, 47,73),
(620130686, 3,97),
(620130686, 30,39),
(620130686, 10,10),
(620130686, 46,19),
(620130686, 24,28),
(620130686, 29,87),
(620130687, 41,48),
(620130687, 49,36),
(620130687, 2,84),
(620130687, 45,36),
(620130687, 6,24),
(620130688, 9,11),
(620130688, 7,34),
(620130688, 13,59),
(620130688, 1,4),
(620130688, 39,9),
(620130688, 44,8),
(620130689, 23,47),
(620130689, 38,3),
(620130689, 35,35),
(620130689, 2,11),
(620130689, 9,65),
(620130689, 14,25),
(620130690, 10,46),
(620130690, 20,93),
(620130690, 17,15),
(620130690, 44,87),
(620130691, 16,96),
(620130691, 36,7),
(620130691, 45,88),
(620130691, 34,19),
(620130691, 38,60),
(620130692, 10,94),
(620130692, 21,56),
(620130692, 1,50),
(620130693, 19,38),
(620130693, 15,36),
(620130693, 44,39),
(620130693, 1,86),
(620130693, 13,10),
(620130694, 26,57),
(620130694, 39,33),
(620130694, 15,2),
(620130694, 8,97),
(620130695, 21,91),
(620130695, 24,17),
(620130695, 29,60),
(620130695, 40,95),
(620130696, 14,57),
(620130696, 28,29),
(620130696, 13,62),
(620130696, 32,44),
(620130696, 39,94),
(620130697, 19,57),
(620130697, 41,33),
(620130697, 31,23),
(620130697, 24,1),
(620130697, 1,42),
(620130698, 2,76),
(620130698, 37,56),
(620130698, 45,89),
(620130698, 32,36);

